Produktset;Kategorie;Marketplace;SKU;EAN;Produktreferenz;Produktdetailseite-URL;Angebot gültig seit
EGGER EFC25+;NatureSense;OTTO;1781480;9007022595430;NatureSense EL1030;https://www.otto.de/p/egger-laminat-naturesense-el1030-buche-sb-rustikal-7mm-2-494m-praktisch-pflegeleicht-S0HCX01E/;
EGGER EFC25+;NatureSense;OTTO;1781512;9007022595171;NatureSense EL2637;https://www.otto.de/p/egger-laminat-naturesense-el2637-belfort-eiche-silber-7mm-2-494m-praktisch-pflegeleicht-S0HCX02R/;
EGGER EFC25+;NatureSense;OTTO;1782753;9007022594495;NatureSense Aqua EL2028;https://www.otto.de/p/egger-laminat-naturesense-aqua-el2028-victoria-eiche-hellgrau-8mm-2-543m-wasserbestaendig-praktisch-S00D30V3/;05.05.2026
EGGER EFC25+;NatureSense;OTTO;1783845;9007022593856;NatureSense EL1067;https://www.otto.de/p/egger-laminat-naturesense-el1067-ashcroft-wood-8mm-1-995m-praktisch-pflegeleicht-S0HCX02P/;01.05.2026
EGGER EFC25+;NatureSense;OTTO;1781507;9007022595232;NatureSense EL2067;https://www.otto.de/p/egger-laminat-naturesense-el2067-wildeiche-natur-7mm-2-494m-praktisch-pflegeleicht-S0JDD02C/;
EGGER EFC25+;NatureSense;OTTO;1784260;9007022593115;NatureSense EL2096 Cl;https://www.otto.de/p/egger-laminat-naturesense-el2096-elva-eiche-honig-8mm-1-995qm-praktisch-pflegeleicht-S02FZ0CV/;
EGGER EFC25+;NatureSense;OTTO;1781485;9007022595379;NatureSense EL1056;https://www.otto.de/p/egger-laminat-naturesense-el1056-bardolino-eiche-grau-7mm-2-494m-praktisch-pflegeleicht-S0HCX01H/;01.05.2026
EGGER EFC25+;NatureSense;OTTO;1784357;9007022591340;NatureSense EL2923;https://www.otto.de/p/egger-laminat-naturesense-el2923-weinburg-eiche-hell-8mm-2-535qm-praktisch-pflegeleicht-S0HCX03T/;04.04.2026
EGGER EFC25+;NatureSense;OTTO;1799099;9007022596031;NatureSense Aqua EL2804;https://www.otto.de/p/egger-laminat-naturesense-aqua-el2804-eiche-sedan-10mm-1-746m-wasserbestaendig-praktisch-S0HCX03W/;05.05.2026
EGGER EFC25+;NatureSense;OTTO;1787909;9007022591203;NatureSense EL2733;https://www.otto.de/p/egger-laminat-naturesense-el2733-hamilton-eiche-8mm-2-535qm-praktisch-pflegeleicht-S0HCX02F/;04.04.2026
EGGER EFC25+;NatureSense;OTTO;1784421;9007022591289;NatureSense EL292F;https://www.otto.de/p/egger-laminat-naturesense-el292f-skanderborg-eiche-braun-8mm-2-535m-praktisch-pflegeleicht-S0HCX01T/;04.04.2026
EGGER EFC25+;NatureSense;OTTO;1784423;9007022591241;NatureSense EL290F;https://www.otto.de/p/egger-laminat-naturesense-el290f-skanderborg-eiche-sand-8mm-2-535m-praktisch-pflegeleicht-S0HCX00F/;04.04.2026
EGGER EFC25+;NatureSense;OTTO;1806796;9007022614155;NatureSense Herringbone EL2152;https://www.otto.de/p/egger-laminat-naturesense-herringbone-el2152-casella-eiche-natur-8mm-1-976m-modern-vielseitig-S00D30V1/;04.04.2026
EGGER EFC25+;NatureSense;OTTO;1784252;9007022593238;NatureSense EL2835;https://www.otto.de/p/egger-laminat-naturesense-el2835-murom-eiche-natur-8mm-1-995m-praktisch-pflegeleicht-S0HCX03A/;01.05.2026
EGGER EFC25+;NatureSense;OTTO;1806785;9007022614216;NatureSense Herringbone EL2190;https://www.otto.de/p/egger-laminat-naturesense-herringbone-el2190-turin-eiche-8mm-1-976m-modern-vielseitig-S0HCX03I/;04.04.2026
EGGER EFC25+;NatureSense;OTTO;1781522;9007022595096;NatureSense EL2980;https://www.otto.de/p/egger-laminat-naturesense-el2980-falun-eiche-7mm-2-494m-praktisch-pflegeleicht-S0HCX00N/;
EGGER EFC25+;NatureSense;OTTO;1799102;9007022595973;NatureSense Aqua EL2858;https://www.otto.de/p/egger-laminat-naturesense-aqua-el2858-olchon-eiche-rauch-10mm-1-746m-wasserbestaendig-praktisch-S0HCX00D/;05.05.2026
EGGER EFC25+;NatureSense;OTTO;1784245;9007022593375;NatureSense Aqua EL2416;https://www.otto.de/p/egger-laminat-naturesense-aqua-el2416-melba-eiche-beige-8mm-1-995m-wasserbestaendig-praktisch-S0HCX021/;05.05.2026
EGGER EFC25+;NatureSense;OTTO;1783795;9007022593979;NatureSense Aqua EL1096;https://www.otto.de/p/egger-laminat-naturesense-aqua-el1096-sheffield-akazie-weiss-8mm-1-995qm-wasserbestaendig-praktisch-S00D30V9/;05.05.2026
EGGER EFC25+;NatureSense;OTTO;1787940;9007022591180;NatureSense EL2093;https://www.otto.de/p/egger-laminat-naturesense-el2093-ortega-eiche-8mm-2-535m-praktisch-pflegeleicht-S0HCX00M/;04.04.2026
EGGER EFC25+;NatureSense;OTTO;1784249;9007022593290;NatureSense EL2970;https://www.otto.de/p/egger-laminat-naturesense-el2970-nord-eiche-natur-8mm-1-995m-praktisch-pflegeleicht-S0HCX014/;
EGGER EFC25+;NatureSense;OTTO;1783832;9007022593917;NatureSense Aqua EL2014 Cl;https://www.otto.de/p/egger-laminat-naturesense-aqua-el2014-sherman-eiche-honig-8mm-1-995m-wasserbestaendig-praktisch-S01D30XX/;05.05.2026
EGGER EFC25+;NatureSense;OTTO;1783831;9007022593931;NatureSense Aqua EL2009 8mm;https://www.otto.de/p/egger-laminat-naturesense-aqua-el2009-predaia-eiche-honig-8mm-1-995m-wasserbestaendig-praktisch-S01D30XV/;05.05.2026
EGGER EFC25+;NatureSense;OTTO;1782736;9007022594631;NatureSense EL2077;https://www.otto.de/p/egger-laminat-naturesense-el2077-loja-eiche-braun-8mm-2-543m-praktisch-pflegeleicht-S0HCX036/;04.04.2026
EGGER EFC25+;NatureSense;OTTO;1783866;9007022593672;NatureSense EL2974;https://www.otto.de/p/egger-laminat-naturesense-el2974-matera-eiche-hell-8mm-1-995m-praktisch-pflegeleicht-S0HCX043/;
EGGER EFC25+;NatureSense;OTTO;1784243;9007022593412;NatureSense Aqua EL2855;https://www.otto.de/p/egger-laminat-naturesense-aqua-el2855-olchon-eiche-sandbeige-8mm-1-995m-wasserbestaendig-praktisch-S00D30V0/;05.05.2026
EGGER EFC25+;NatureSense;OTTO;1782755;9007022594471;NatureSense Aqua EL2027 La;https://www.otto.de/p/egger-laminat-naturesense-aqua-el2027-la-victoria-eiche-natur-8mm-2-543m-wasserbestaendig-praktisch-S00D30VA/;05.05.2026
EGGER EFC25+;NatureSense;OTTO;1787955;9007022592620;NatureSense Aqua EL2183;https://www.otto.de/p/egger-laminat-naturesense-aqua-el2183-treviso-eiche-braun-8mm-1-995m-wasserbestaendig-praktisch-S0HCX02V/;05.05.2026
EGGER EFC25+;NatureSense;OTTO;1784255;9007022593191;NatureSense EL2730;https://www.otto.de/p/egger-laminat-naturesense-el2730-eiche-amiens-hell-8mm-1-995m-praktisch-pflegeleicht-S0HCX00L/;01.05.2026
EGGER EFC25+;NatureSense;OTTO;1783857;9007022593733;NatureSense EL2822;https://www.otto.de/p/egger-laminat-naturesense-el2822-livingston-eiche-natur-8mm-1-995m-praktisch-pflegeleicht-S0HCX03S/;01.05.2026
EGGER EFC25+;NatureSense;OTTO;1783838;9007022593870;NatureSense EL1007;https://www.otto.de/p/egger-laminat-naturesense-el1007-parkett-eiche-dunkel-8mm-1-995m-praktisch-pflegeleicht-S0HCX03L/;
EGGER EFC25+;NatureSense;OTTO;1787908;9007022591227;NatureSense EL2092;https://www.otto.de/p/egger-laminat-naturesense-el2092-ortega-eiche-natur-8mm-2-535m-praktisch-pflegeleicht-S0HCX025/;04.04.2026
EGGER EFC25+;NatureSense;OTTO;1781516;9007022595133;NatureSense EL2968;https://www.otto.de/p/egger-laminat-naturesense-el2968-brook-eiche-weiss-7mm-2-494m-praktisch-pflegeleicht-S0HCX029/;01.05.2026
EGGER EFC25+;NatureSense;OTTO;1781508;9007022595218;NatureSense EL2099;https://www.otto.de/p/egger-laminat-naturesense-el2099-inuvik-eiche-7mm-2-494qm-praktisch-pflegeleicht-S0HCX031/;
EGGER EFC25+;NatureSense;OTTO;1784372;9007022591302;NatureSense EL202F;https://www.otto.de/p/egger-laminat-naturesense-el202f-rillington-eiche-hell-8mm-2-535m-praktisch-pflegeleicht-S0HCX02Q/;04.04.2026
EGGER EFC25+;NatureSense;OTTO;1786673;9007022595058;NatureSense EL2160;https://www.otto.de/p/egger-laminat-naturesense-el2160-newport-eiche-hellgrau-7mm-2-494m-praktisch-pflegeleicht-S0HCX022/;01.05.2026
EGGER EFC25+;NatureSense;OTTO;1798669;9007022611574;NatureSense Aqua EL2953;https://www.otto.de/p/egger-laminat-naturesense-aqua-el2953-lausanne-eiche-natur-10mm-1-746m-wasserbestaendig-praktisch-S00D30VD/;05.05.2026
EGGER EFC25+;NatureSense;OTTO;1784250;9007022593276;NatureSense EL2863;https://www.otto.de/p/egger-laminat-naturesense-el2863-asgil-eiche-honig-8mm-1-995m-praktisch-pflegeleicht-S0HCX03Q/;
EGGER EFC25+;NatureSense;OTTO;1784354;9007022591364;NatureSense Aqua ELF021;https://www.otto.de/p/egger-laminat-naturesense-aqua-elf021-triestino-terrazzo-grau-8mm-2-535m-wasserbestaendig-praktisch-S00D30VC/;05.05.2026
EGGER EFC25+;NatureSense;OTTO;1784256;9007022593177;NatureSense EL2158;https://www.otto.de/p/egger-laminat-naturesense-el2158-nord-eiche-hellbraun-8mm-1-995m-praktisch-pflegeleicht-S0HCX03K/;01.05.2026
EGGER EFC25+;NatureSense;OTTO;1784028;9007022593450;NatureSense EL2074;https://www.otto.de/p/egger-laminat-naturesense-el2074-abergele-eiche-dunkel-8mm-1-995qm-praktisch-pflegeleicht-S0HCX042/;
EGGER EFC25+;NatureSense;OTTO;1783798;9007022593955;NatureSense Aqua EL1242;https://www.otto.de/p/egger-laminat-naturesense-aqua-el1242-sheffield-akazie-natur-8mm-1-995m-wasserbestaendig-praktisch-S00D30UX/;05.05.2026
EGGER EFC25+;NatureSense;OTTO;1799065;9007022596192;NatureSense Aqua EL2952;https://www.otto.de/p/egger-laminat-naturesense-aqua-el2952-lausanne-eiche-hell-10mm-1-746m-wasserbestaendig-praktisch-S00D30UZ/;05.05.2026
EGGER EFC25+;NatureSense;OTTO;1787950;9007022592736;NatureSense EL2090;https://www.otto.de/p/egger-laminat-naturesense-el2090-conway-eiche-8mm-1-995m-praktisch-pflegeleicht-S0HCX03R/;01.05.2026
EGGER EFC25+;NatureSense;OTTO;1786676;9007022592798;NatureSense EL2163;https://www.otto.de/p/egger-laminat-naturesense-el2163-newport-eiche-braun-8mm-1-995m-praktisch-pflegeleicht-S0HCX02H/;01.05.2026
EGGER EFC25+;NatureSense;OTTO;1799111;9007022595959;NatureSense Aqua EL2417;https://www.otto.de/p/egger-laminat-naturesense-aqua-el2417-melba-eiche-natur-10mm-1-746m-wasserbestaendig-praktisch-S0HCX02Y/;05.05.2026
EGGER EFC25+;NatureSense;OTTO;1783864;9007022593696;NatureSense EL2834;https://www.otto.de/p/egger-laminat-naturesense-el2834-murom-eiche-8mm-1-995m-praktisch-pflegeleicht-S0HCX040/;01.05.2026
EGGER EFC25+;NatureSense;OTTO;1786675;9007022592811;NatureSense EL2520;https://www.otto.de/p/egger-laminat-naturesense-el2520-sonnenberg-fichte-vintage-8mm-1-995m-praktisch-pflegeleicht-S01D30PJ/;01.05.2026
EGGER EFC25+;NatureSense;OTTO;1801547;9007022611529;NatureSense Aqua EL1028;https://www.otto.de/p/egger-laminat-naturesense-aqua-el1028-avery-eiche-grau-10mm-1-746m-wasserbestaendig-praktisch-S0HCX041/;05.05.2026
EGGER EFC25+;NatureSense;OTTO;1799056;9007022596277;NatureSense Aqua EL2009 10mm;https://www.otto.de/p/egger-laminat-naturesense-aqua-el2009-10mm-predaia-eiche-honig-10mm-1-746m-wasserbestaendig-praktisch-S00D30V7/;05.05.2026
EGGER EFC25+;NatureSense;OTTO;1783850;9007022593771;NatureSense EL2082;https://www.otto.de/p/egger-laminat-naturesense-el2082-elva-eiche-natur-8mm-1-995m-praktisch-pflegeleicht-S0HCX00C/;01.05.2026
EGGER EFC25+;NatureSense;OTTO;1782749;9007022594556;NatureSense Aqua EL2096;https://www.otto.de/p/egger-laminat-naturesense-aqua-el2096-elva-eiche-honig-8mm-2-543m-wasserbestaendig-praktisch-S0HCX03B/;05.05.2026
EGGER EFC25+;NatureSense;OTTO;1784244;9007022593399;NatureSense Aqua EL2418;https://www.otto.de/p/egger-laminat-naturesense-aqua-el2418-melba-eiche-braun-8mm-1-995m-wasserbestaendig-praktisch-S0HCX035/;05.05.2026
EGGER EFC25+;NatureSense;OTTO;1781483;9007022595416;NatureSense EL1031;https://www.otto.de/p/egger-laminat-naturesense-el1031-berdal-eiche-hell-7mm-2-494m-praktisch-pflegeleicht-S0HCX01D/;01.05.2026
EGGER EFC25+;NatureSense;OTTO;1783793;9007022594020;NatureSense Aqua EL1037;https://www.otto.de/p/egger-laminat-naturesense-aqua-el1037-berdal-eiche-grau-8mm-1-995m-wasserbestaendig-praktisch-S0HCX03C/;05.05.2026
EGGER EFC25+;NatureSense;OTTO;1784025;9007022593498;NatureSense Aqua EL1087;https://www.otto.de/p/egger-laminat-naturesense-aqua-el1087-toscolano-eiche-hell-8mm-1-995m-wasserbestaendig-praktisch-S00D30UV/;05.05.2026
EGGER EFC25+;NatureSense;OTTO;1781505;9007022595256;NatureSense EL2023;https://www.otto.de/p/egger-laminat-naturesense-el2023-zermatt-eiche-hell-7mm-2-494m-praktisch-pflegeleicht-S0HCX03H/;
EGGER EFC25+;NatureSense;OTTO;1782721;9007022594679;NatureSense EL2154;https://www.otto.de/p/egger-laminat-naturesense-el2154-loja-eiche-creme-8mm-2-543m-praktisch-pflegeleicht-S0HCX038/;04.04.2026
EGGER EFC25+;NatureSense;OTTO;1781468;9007022595478;NatureSense EL1011;https://www.otto.de/p/egger-laminat-naturesense-el1011-dimas-wood-bunt-7mm-2-494m-praktisch-pflegeleicht-S0HCX01F/;
EGGER EFC25+;NatureSense;OTTO;1789913;9007022592002;NatureSense Aqua EL2114;https://www.otto.de/p/egger-laminat-naturesense-aqua-el2114-pinot-eiche-honig-10mm-1-746m-wasserbestaendig-praktisch-S0HCX03Y/;05.05.2026
EGGER EFC25+;NatureSense;OTTO;1782752;9007022594518;NatureSense Aqua EL2029;https://www.otto.de/p/egger-laminat-naturesense-aqua-el2029-victoria-eiche-braun-8mm-2-543m-wasserbestaendig-praktisch-S00D30UW/;05.05.2026
EGGER EFC25+;NatureSense;OTTO;1784258;9007022593153;NatureSense EL2157;https://www.otto.de/p/egger-laminat-naturesense-el2157-nord-eiche-sand-8mm-1-995m-praktisch-pflegeleicht-S0HCX02G/;01.05.2026
EGGER EFC25+;NatureSense;OTTO;1798626;9007022611406;NatureSense Aqua EL2081;https://www.otto.de/p/egger-laminat-naturesense-aqua-el2081-elva-eiche-grau-10mm-1-746m-wasserbestaendig-praktisch-S0HCX02B/;05.05.2026
EGGER EFC25+;NatureSense;OTTO;1781502;9007022595294;NatureSense EL1094;https://www.otto.de/p/egger-laminat-naturesense-el1094-charlotte-eiche-hellgrau-7mm-2-494m-praktisch-pflegeleicht-S0HCX02C/;
EGGER EFC25+;NatureSense;OTTO;1781503;9007022595270;NatureSense EL2010;https://www.otto.de/p/egger-laminat-naturesense-el2010-melba-eiche-grau-7mm-2-494m-praktisch-pflegeleicht-S0HCX011/;
EGGER EFC25+;NatureSense;OTTO;1786677;9007022592774;NatureSense EL1307;https://www.otto.de/p/egger-laminat-naturesense-el1307-warmia-nussbaum-braun-8mm-1-995qm-praktisch-pflegeleicht-S0HCX020/;
EGGER EFC25+;NatureSense;OTTO;1787952;9007022592682;NatureSense Aqua EL2111;https://www.otto.de/p/egger-laminat-naturesense-aqua-el2111-pinot-eiche-weiss-8mm-1-995m-wasserbestaendig-praktisch-S0HCX028/;05.05.2026
EGGER EFC25+;NatureSense;OTTO;1806783;9007022614063;NatureSense Herringbone EL2132;https://www.otto.de/p/egger-laminat-naturesense-herringbone-el2132-baronia-eiche-hell-8mm-1-976m-modern-vielseitig-S00D30V4/;04.04.2026
EGGER EFC25+;NatureSense;OTTO;1786672;9007022595072;NatureSense EL2162;https://www.otto.de/p/egger-laminat-naturesense-el2162-newport-eiche-hellbraun-7mm-2-494m-praktisch-pflegeleicht-S0HCX03V/;01.05.2026
EGGER EFC25+;NatureSense;OTTO;1789912;9007022592026;NatureSense Aqua EL2113;https://www.otto.de/p/egger-laminat-naturesense-aqua-el2113-pinot-eiche-sand-10mm-1-746m-wasserbestaendig-praktisch-S0HCX01L/;05.05.2026
EGGER EFC25+;NatureSense;OTTO;1784371;9007022591326;NatureSense EL203F;https://www.otto.de/p/egger-laminat-naturesense-el203f-rillington-eiche-dunkel-8mm-2-535m-praktisch-pflegeleicht-S0HCX02E/;04.04.2026
EGGER EFC25+;NatureSense;OTTO;1784246;9007022593351;NatureSense Aqua EL2406;https://www.otto.de/p/egger-laminat-naturesense-el2700-woodwork-eiche-7mm-2-494qm-praktisch-pflegeleicht-S0HCX02W/;05.05.2026
EGGER EFC25+;NatureSense;OTTO;1783944;9007022593634;NatureSense Aqua EL2070;https://www.otto.de/p/egger-laminat-naturesense-aqua-el2070-langley-nussbaum-hell-8mm-1-995m-wasserbestaendig-praktisch-S00D30V2/;05.05.2026
EGGER EFC25+;NatureSense;OTTO;1787956;9007022592606;NatureSense Aqua EL2191;https://www.otto.de/p/egger-laminat-naturesense-aqua-el2191-turin-eiche-braun-8mm-1-995m-wasserbestaendig-praktisch-S0HCX00U/;05.05.2026
EGGER EFC25+;NatureSense;OTTO;1781486;9007022595355;NatureSense EL1061;https://www.otto.de/p/egger-laminat-naturesense-el1061-achensee-eiche-7mm-2-494m-praktisch-pflegeleicht-S0HCX00T/;
EGGER EFC25+;NatureSense;OTTO;1806803;9007022614124;NatureSense Herringbone EL2134;https://www.otto.de/p/egger-laminat-naturesense-herringbone-el2134-baronia-eiche-braun-8mm-1-976m-modern-vielseitig-S00D30VE/;04.04.2026
EGGER EFC25+;NatureSense;OTTO;1799098;9007022596055;NatureSense Aqua EL2405;https://www.otto.de/p/egger-laminat-naturesense-aqua-el2405-sherman-eiche-hellbraun-10mm-1-746m-wasserbestaendig-praktisch-S00D30VF/;05.05.2026
EGGER EFC25+;NatureSense;OTTO;1806784;9007022614186;NatureSense Herringbone EL2161;https://www.otto.de/p/egger-laminat-naturesense-herringbone-el2161-newport-eiche-creme-8mm-1-976m-modern-vielseitig-S00D30V5/;04.04.2026
EGGER EFC25+;NatureSense;OTTO;1782750;9007022594532;NatureSense Aqua EL2043;https://www.otto.de/p/egger-laminat-naturesense-aqua-el2043-sherman-eiche-braun-8mm-2-543m-wasserbestaendig-praktisch-S0HCX00V/;05.05.2026
EGGER EFC25+;NatureSense;OTTO;1787953;9007022592668;NatureSense Aqua EL2112;https://www.otto.de/p/egger-laminat-naturesense-aqua-el2112-pinot-eiche-hellgrau-8mm-1-995m-wasserbestaendig-praktisch-S00D30VI/;05.05.2026
EGGER EFC25+;NatureSense;OTTO;1782761;9007022594433;NatureSense Aqua EL2014 La;https://www.otto.de/p/egger-laminat-naturesense-aqua-el2014-la-sherman-eiche-honig-8mm-2-543m-wasserbestaendig-praktisch-S0HCX03G/;05.05.2026
EGGER EFC25+;NatureSense;OTTO;1781489;9007022595331;NatureSense EL1062;https://www.otto.de/p/egger-laminat-naturesense-el1062-kreideeiche-7mm-2-494m-praktisch-pflegeleicht-S0HCX00H/;
EGGER EFC25+;NatureSense;OTTO;1784253;9007022593214;NatureSense EL2771;https://www.otto.de/p/egger-laminat-naturesense-el2771-girona-kastanie-weiss-8mm-1-995m-praktisch-pflegeleicht-S0HCX02A/;01.05.2026
EGGER EFC25+;NatureSense;OTTO;1787930;9007022594334;NatureSense EL2091;https://www.otto.de/p/egger-laminat-naturesense-el2091-conway-eiche-natur-8mm-2-543m-praktisch-pflegeleicht-S0HCX02K/;04.04.2026
EGGER EFC25+;NatureSense;OTTO;1782746;9007022594594;NatureSense Aqua EL2156;https://www.otto.de/p/egger-laminat-naturesense-aqua-el2156-loja-eiche-hellgrau-8mm-2-543m-wasserbestaendig-praktisch-S0HCX01S/;05.05.2026
EGGER EFC25+;NatureSense;OTTO;1787904;9007022594419;NatureSense EL2141;https://www.otto.de/p/egger-laminat-naturesense-el2141-carlin-eiche-sand-8mm-2-543m-praktisch-pflegeleicht-S0HCX027/;04.04.2026
EGGER EFC25+;NatureSense;OTTO;1783834;9007022593894;NatureSense Aqua EL2027 CL;https://www.otto.de/p/egger-laminat-naturesense-aqua-el2027-victoria-eiche-natur-8mm-1-995m-wasserbestaendig-praktisch-S01D30XU/;05.05.2026
EGGER EFC25+;NatureSense;OTTO;1783860;9007022593719;NatureSense EL2831;https://www.otto.de/p/egger-laminat-naturesense-el2831-elton-eiche-weiss-8mm-1-995m-praktisch-pflegeleicht-S0HCX01X/;01.05.2026
EGGER EFC25+;NatureSense;OTTO;1806666;9007022614247;NatureSense Herringbone EL2133;https://www.otto.de/p/egger-laminat-naturesense-herringbone-el2133-baronia-eiche-sand-8mm-1-976m-modern-vielseitig-S00D30VG/;04.04.2026
EGGER EFC25+;NatureSense;OTTO;1781514;9007022595157;NatureSense EL2700;https://www.otto.de/p/egger-laminat-naturesense-el2700-woodwork-eiche-7mm-2-494qm-praktisch-pflegeleicht-S0HCX02W/;
EGGER EFC25+;NatureSense;OTTO;1782760;9007022594457;NatureSense Aqua EL2026;https://www.otto.de/p/egger-laminat-naturesense-aqua-el2026-victoria-eiche-weiss-8mm-2-543m-wasserbestaendig-praktisch-S00D30VB/;05.05.2026
EGGER EFC25+;NatureSense;OTTO;1783846;9007022593832;NatureSense EL2076;https://www.otto.de/p/egger-laminat-naturesense-el2076-loja-eiche-natur-8mm-1-995m-praktisch-pflegeleicht-S0HCX03J/;01.05.2026
EGGER EFC25+;NatureSense;OTTO;1786674;9007022595034;NatureSense EL1012;https://www.otto.de/p/egger-laminat-naturesense-el1012-alexandria-pinie-7mm-2-494m-praktisch-pflegeleicht-S0HCX016/;
EGGER EFC25+;NatureSense;OTTO;1783854;9007022593757;NatureSense EL2805;https://www.otto.de/p/egger-laminat-naturesense-el2805-parkett-eiche-8mm-1-995m-praktisch-pflegeleicht-S0HCX03D/;
EGGER EFC25+;NatureSense;OTTO;1783942;9007022593658;NatureSense Aqua EL2078;https://www.otto.de/p/egger-laminat-naturesense-aqua-el2078-loja-eiche-grau-8mm-1-995m-wasserbestaendig-praktisch-S0HCX039/;05.05.2026
EGGER EFC25+;NatureSense;OTTO;1798721;9007022596291;NatureSense EL1055;https://www.otto.de/p/egger-laminat-naturesense-el1055-bardolino-eiche-8mm-1-995m-praktisch-pflegeleicht-S0HCX00J/;
EGGER EFC25+;NatureSense;OTTO;1784422;9007022591265;NatureSense EL291F;https://www.otto.de/p/egger-laminat-naturesense-el291f-skanderborg-eiche-honig-8mm-2-535m-praktisch-pflegeleicht-S0HCX01O/;04.04.2026
EGGER EFC25+;NatureSense;OTTO;1784351;9007022591401;NatureSense Aqua ELF676;https://www.otto.de/p/egger-laminat-naturesense-aqua-elf676-calvia-stein-sandgrau-8mm-2-535m-wasserbestaendig-praktisch-S00D30VH/;05.05.2026
EGGER EFC25+;NatureSense;OTTO;1781509;9007022595195;NatureSense EL2265;https://www.otto.de/p/egger-laminat-naturesense-el2265-kanadische-fichte-7mm-2-494m-praktisch-pflegeleicht-S0HCX023/;
EGGER EFC25+;NatureSense;OTTO;1784027;9007022593474;NatureSense Aqua EL1071;https://www.otto.de/p/egger-laminat-naturesense-aqua-el1071-perganti-nussbaum-braun-8mm-1-995m-wasserbestaendig-praktisch-S00D30VJ/;05.05.2026
EGGER EFC25+;NatureSense;OTTO;1781500;9007022595317;NatureSense EL1093;https://www.otto.de/p/egger-laminat-naturesense-el1093-charlotte-eiche-natur-7mm-2-494m-praktisch-pflegeleicht-S0HCX00E/;01.05.2026
EGGER EFC25+;Aquadura;OTTO;1801257;9007022609625;Aquadura+ EDF184;https://www.otto.de/p/egger-designboden-aquaduraplus-edf184-berdal-eiche-weiss-7-5mm-1-995m-wasserbestaendig-feuchtraumgeeignet-S0HCX044/;28.04.2026
EGGER EFC25+;Aquadura;OTTO;1801520;9007022611284;Aquadura EDF144;https://www.otto.de/p/egger-designboden-aquadura-edf144-monfort-eiche-weiss-7-5mm-1-995m-wasserbestaendig-feuchtraumgeeignet-S0HCX02X/;28.04.2026
EGGER EFC25+;Aquadura;OTTO;1801258;9007022609656;Aquadura+ EDF185;https://www.otto.de/p/egger-designboden-aquaduraplus-edf185-berdal-eiche-hellbraun-7-5mm-1-995m-wasserbestaendig-feuchtraumgeeignet-S00D30UT/;28.04.2026
EGGER EFC25+;Aquadura;OTTO;1801259;9007022609717;Aquadura+ EDF191;https://www.otto.de/p/egger-designboden-aquaduraplus-edf191-messina-eiche-natur-7-5mm-1-995m-wasserbestaendig-feuchtraumgeeignet-S0HCX00Q/;28.04.2026
EGGER EFC25+;Aquadura;OTTO;1801264;9007022609564;Aquadura+ EDF177;https://www.otto.de/p/egger-designboden-aquaduraplus-edf177-almington-eiche-natur-7-5mm-1-995m-wasserbestaendig-feuchtraumgeeignet-S00D30UU/;28.04.2026
EGGER EFC25+;Aquadura;OTTO;1801512;9007022611048;Aquadura EDF204;https://www.otto.de/p/egger-designboden-aquadura-edf204-panora-eiche-grau-7-5mm-1-995m-wasserbestaendig-feuchtraumgeeignet-S0HCX02O/;28.04.2026
EGGER EFC25+;Aquadura;OTTO;1806662;9007022613882;Aquadura+ EDF300;https://www.otto.de/p/egger-vinylboden-aquaduraplus-edf300-cremona-marmor-7-5mm-2-535qm-wasserbestaendig-holzbasierter-elastischer-bodenbelag-mit-hdf-traegerplatte-S0HCX01Z/;28.04.2026
EGGER EFC25+;Aquadura;OTTO;1801469;9007022610614;Aquadura+ EDF187;https://www.otto.de/p/egger-designboden-aquaduraplus-edf187-halifax-eiche-creme-7-5mm-2-543m-wasserbestaendig-feuchtraumgeeignet-S0HCX01J/;28.04.2026
EGGER EFC25+;Aquadura;OTTO;1806763;9007022613943;Aquadura+ EDF305;https://www.otto.de/p/egger-designboden-aquaduraplus-edf305-chromix-weiss-7-5mm-2-535m-wasserbestaendig-feuchtraumgeeignet-S0HCX037/;28.04.2026
EGGER EFC25+;Aquadura;OTTO;1801514;9007022611109;Aquadura EDF200;https://www.otto.de/p/egger-vinylboden-aquadura-edf200-wildeiche-natur-7-5mm-1-995qm-wasserbestaendig-holzbasierter-elastischer-bodenbelag-mit-hdf-traegerplatte-S0HCX01G/;28.04.2026
EGGER EFC25+;Aquadura;OTTO;1806770;9007022613912;Aquadura+ EDF810;https://www.otto.de/p/egger-designboden-aquaduraplus-edf810-chromix-silber-7-5mm-2-535m-wasserbestaendig-feuchtraumgeeignet-S0HCX00W/;28.04.2026
EGGER EFC25+;Aquadura;OTTO;1801511;9007022611017;Aquadura EDF210;https://www.otto.de/p/egger-designboden-aquadura-edf210-westport-eiche-hell-7-5mm-1-995m-wasserbestaendig-feuchtraumgeeignet-S0HCX03N/;28.04.2026
EGGER EFC25+;Aquadura;OTTO;1801261;9007022609533;Aquadura+ EDF176;https://www.otto.de/p/egger-designboden-aquaduraplus-edf176-almington-eiche-beige-7-5mm-1-995m-wasserbestaendig-feuchtraumgeeignet-S00D30V8/;28.04.2026
EGGER EFC25+;Aquadura;OTTO;1801510;9007022610973;Aquadura EDF145;https://www.otto.de/p/egger-designboden-aquadura-edf145-monfort-eiche-natur-7-5mm-1-995m-wasserbestaendig-feuchtraumgeeignet-S0HCX033/;28.04.2026
EGGER EFC25+;Aquadura;OTTO;1801280;9007022609786;Aquadura+ EDF197;https://www.otto.de/p/egger-designboden-aquaduraplus-edf197-capri-eiche-braun-7-5mm-1-995m-wasserbestaendig-feuchtraumgeeignet-S0HCX00R/;28.04.2026
EGGER EFC25+;Aquadura;OTTO;1806764;9007022613974;Aquadura+ EDF304;https://www.otto.de/p/egger-designboden-aquaduraplus-edf304-titanit-sandbeige-7-5mm-2-535m-wasserbestaendig-feuchtraumgeeignet-S0HCX01I/;28.04.2026
EGGER EFC25+;Aquadura;OTTO;1801519;9007022611239;Aquadura EDF164;https://www.otto.de/p/egger-designboden-aquadura-edf164-elva-eiche-braun-7-5mm-1-995m-wasserbestaendig-feuchtraumgeeignet-S0HCX01Q/;28.04.2026
EGGER EFC25+;Aquadura;OTTO;1801518;9007022611208;Aquadura EDF194;https://www.otto.de/p/egger-designboden-aquadura-edf194-camden-eiche-weiss-7-5mm-1-995m-wasserbestaendig-feuchtraumgeeignet-S0HCX030/;28.04.2026
EGGER EFC25+;Aquadura;OTTO;1801458;9007022610522;Aquadura+ EDF173;https://www.otto.de/p/egger-designboden-aquaduraplus-edf173-waltham-eiche-natur-7-5mm-2-543m-wasserbestaendig-feuchtraumgeeignet-S0HCX02D/;28.04.2026
EGGER EFC25+;Aquadura;OTTO;1801516;9007022611130;Aquadura EDF195;https://www.otto.de/p/egger-designboden-aquadura-edf195-camden-eiche-natur-7-5mm-1-995m-wasserbestaendig-feuchtraumgeeignet-S0HCX01V/;28.04.2026
EGGER EFC25+;Aquadura;OTTO;1806771;9007022614032;Aquadura+ EDF301;https://www.otto.de/p/egger-vinylboden-aquaduraplus-edf301-scivaro-schiefer-7-5mm-2-535qm-wasserbestaendig-holzbasierter-elastischer-bodenbelag-mit-hdf-traegerplatte-S0HCX03U/;28.04.2026
EGGER EFC25+;Aquadura;OTTO;1801513;9007022611079;Aquadura EDF203;https://www.otto.de/p/egger-designboden-aquadura-edf203-panora-eiche-beige-7-5mm-1-995m-wasserbestaendig-feuchtraumgeeignet-S0HCX00Y/;28.04.2026
EGGER EFC25+;Aquadura;OTTO;1801265;9007022609595;Aquadura+ EDF180;https://www.otto.de/p/egger-designboden-aquaduraplus-edf180-berdal-eiche-natur-7-5mm-1-995m-wasserbestaendig-feuchtraumgeeignet-S0HCX017/;28.04.2026
EGGER EFC25+;Aquadura;OTTO;1801449;9007022610676;Aquadura+ EDF188;https://www.otto.de/p/egger-designboden-aquaduraplus-edf188-lana-eiche-natur-7-5mm-2-543m-wasserbestaendig-feuchtraumgeeignet-S0HCX00O/;28.04.2026
EGGER EFC25+;Aquadura;OTTO;1801521;9007022611321;Aquadura EDF103;https://www.otto.de/p/egger-designboden-aquadura-edf103-meran-eiche-7-5mm-1-995m-wasserbestaendig-feuchtraumgeeignet-S0HCX00G/;28.04.2026
EGGER EFC25+;Aquadura;OTTO;1806757;9007022614001;Aquadura+ EDF303;https://www.otto.de/p/egger-designboden-aquaduraplus-edf303-titanit-anthrazit-7-5mm-2-535m-wasserbestaendig-feuchtraumgeeignet-S0HCX024/;28.04.2026
EGGER EFC25+;Aquadura;OTTO;1801482;9007022610775;Aquadura+ EDF205;https://www.otto.de/p/egger-vinylboden-aquaduraplus-edf205-savona-eiche-sand-7-5mm-2-543qm-wasserbestaendig-holzbasierter-elastischer-bodenbelag-mit-hdf-traegerplatte-S0HCX02J/;28.04.2026
EGGER EFC25+;Aquadura;OTTO;1801468;9007022610584;Aquadura+ EDF186;https://www.otto.de/p/egger-designboden-aquaduraplus-edf186-victoria-eiche-hellbraun-7-5mm-2-543m-wasserbestaendig-feuchtraumgeeignet-S01D30PK/;28.04.2026
EGGER EFC25+;Aquadura;OTTO;1801459;9007022610553;Aquadura+ EDF174;https://www.otto.de/p/egger-designboden-aquaduraplus-edf174-waltham-eiche-weiss-7-5mm-2-543m-wasserbestaendig-feuchtraumgeeignet-S0HCX01M/;28.04.2026
EGGER EFC25+;Aquadura;OTTO;1801290;9007022609823;Aquadura+ EDF201;https://www.otto.de/p/egger-designboden-aquaduraplus-edf201-morella-fichte-vintage-7-5mm-1-995m-wasserbestaendig-feuchtraumgeeignet-S00D30V6/;28.04.2026
